folio_name,class_name,x_loc,y_loc,P_0365,P_0450,P_0470,P_0505,P_0535,P_0570,P_0615,P_0630,P_0700,P_0735,P_0780,P_0870,P_0940,P_CFBB,P_CFBG,P_CFBR,P_CFUB,P_CFUG,P_CFUR,P_RABL,P_RABR,P_RAIL,P_RAIR
024r-029v,0,699,1223,186,178,176,175,177,177,175,175,170,170,169,165,164,183,176,174,172,191,232,126,166,136,165
024r-029v,0,690,1378,221,201,201,196,192,191,188,187,178,178,177,171,170,208,184,182,169,150,194,107,214,135,193
024r-029v,0,704,1603,213,154,154,159,166,165,166,167,177,176,172,167,165,158,148,143,171,150,204,238,115,203,127
024r-029v,0,673,1767,174,173,174,173,173,176,175,176,175,176,175,174,172,175,165,160,159,136,163,152,180,161,187
024r-029v,0,677,1900,171,161,162,160,161,161,161,162,160,161,161,160,159,162,158,159,144,136,119,110,151,127,150
024r-029v,0,620,2275,159,148,148,151,154,157,158,159,162,162,161,160,159,150,147,145,141,109,134,194,143,168,155
024r-029v,0,620,2395,154,139,142,140,143,146,145,147,146,145,146,145,145,144,138,133,129,150,161,155,145,156,152
024r-029v,0,606,2523,151,160,159,162,163,164,168,166,164,165,167,161,160,157,169,169,151,191,147,150,151,147,163
024r-029v,0,606,2700,180,188,187,185,182,181,177,177,168,167,166,164,164,189,177,158,169,191,189,136,180,143,162
024r-029v,0,602,2899,181,175,177,181,185,188,190,191,190,186,185,182,179,173,220,244,144,247,190,146,189,162,187
024r-029v,0,602,3080,140,152,151,155,160,165,166,166,166,165,164,165,163,150,166,175,138,123,204,140,147,156,162
024r-029v,0,597,3213,114,131,132,141,152,160,166,167,168,168,168,169,170,129,185,254,126,192,235,125,133,158,165
024r-029v,0,597,3354,146,160,162,170,177,182,184,184,180,180,179,177,177,162,207,255,145,234,236,121,157,141,189
024r-029v,0,628,3566,144,153,155,160,165,173,173,174,162,163,165,164,165,151,177,215,132,151,194,98,177,125,198
024r-029v,0,659,3761,146,188,187,193,197,196,197,195,186,185,183,179,178,184,246,255,164,249,238,127,213,142,198
024r-029v,0,695,3964,112,130,133,145,156,167,171,172,167,168,169,169,169,125,196,255,132,164,206,109,150,142,185
024r-029v,0,730,4141,125,148,149,156,163,169,170,172,170,170,170,169,169,147,197,222,148,231,236,112,161,139,180
024r-029v,0,761,4354,157,187,186,184,183,183,181,180,172,170,169,166,163,183,205,223,147,136,240,125,198,142,173
024r-029v,0,774,4539,111,138,139,146,150,156,155,154,150,149,150,146,148,134,157,225,123,109,182,119,152,133,157
024r-029v,0,814,4707,115,120,121,131,141,151,156,157,156,157,159,159,159,115,174,216,129,149,151,107,111,139,141
024r-029v,0,929,4751,117,123,124,133,143,157,160,160,157,158,160,162,166,122,163,215,123,136,151,96,147,119,202
024r-029v,0,1146,4787,164,173,170,173,172,176,173,174,172,172,171,167,165,167,184,181,150,176,226,226,160,174,157
024r-029v,0,1411,4809,162,178,177,179,181,181,179,182,178,175,175,172,169,177,192,196,153,201,180,157,155,157,162
024r-029v,0,1672,4818,162,150,151,160,165,169,172,171,191,189,188,189,187,151,182,189,158,148,193,244,95,252,117
024r-029v,0,1897,4822,183,202,200,203,205,203,205,204,201,202,200,196,194,201,193,180,155,186,179,106,201,139,194
024r-029v,0,2141,4853,190,176,177,183,190,190,192,192,195,193,194,191,188,176,184,181,143,173,180,171,164,174,173
024r-029v,0,2379,4862,171,168,164,165,165,165,164,160,168,165,166,165,160,168,181,180,157,185,255,222,111,190,126
024r-029v,0,2508,4853,228,217,217,209,206,199,195,193,190,188,185,179,179,218,201,179,166,171,165,226,186,192,166
024r-029v,0,2702,4866,183,159,159,167,164,164,163,163,171,169,167,164,164,166,191,221,154,158,225,118,186,137,184
024r-029v,0,3012,4875,240,228,230,225,220,215,212,212,207,204,200,197,191,230,215,205,179,207,179,179,242,172,199
024r-029v,0,3149,4844,243,226,220,220,213,213,209,206,210,210,206,204,199,224,212,199,176,194,251,99,114,133,141
024r-029v,0,3330,4827,219,223,229,224,222,208,210,215,199,197,196,192,188,221,185,148,147,132,105,97,255,124,255
024r-029v,0,3463,4756,159,157,158,162,166,160,162,165,164,162,161,158,158,160,192,174,161,193,177,100,203,120,190
024r-029v,0,818,1254,171,135,137,141,143,143,145,145,156,155,155,154,151,133,154,164,153,149,176,209,105,198,116
024r-029v,0,801,1382,205,173,174,173,174,167,165,167,179,179,173,174,169,174,165,154,168,176,135,255,102,229,117
024r-029v,0,788,1572,222,196,195,190,188,182,180,181,183,181,178,173,171,194,172,154,153,136,147,255,135,194,143
024r-029v,0,783,1705,230,210,210,203,199,191,188,187,188,187,185,182,177,208,173,142,168,136,148,255,184,204,155
024r-029v,0,770,1816,192,198,198,195,191,192,191,190,183,185,183,181,178,200,164,141,147,109,177,110,215,134,194
024r-029v,0,757,2174,189,175,178,178,176,177,175,175,176,173,172,171,169,179,173,174,147,191,149,191,152,171,154
024r-029v,0,717,2346,195,174,174,173,174,174,172,172,172,172,171,167,168,177,163,154,159,218,105,165,161,167,160
024r-029v,0,726,2510,165,159,158,162,163,166,170,170,173,174,176,176,176,156,138,139,132,164,175,150,165,153,187
024r-029v,0,721,2673,174,169,172,174,177,174,173,174,173,171,171,165,165,172,183,181,160,191,175,149,143,155,145
024r-029v,0,717,2833,177,191,194,197,197,196,191,194,190,188,191,184,181,189,200,203,147,219,204,146,186,162,177
024r-029v,0,717,3009,182,190,190,189,190,192,188,189,187,187,184,182,181,189,191,195,160,178,218,186,201,163,196
024r-029v,0,717,3164,159,188,189,193,195,200,199,198,190,186,186,181,181,183,239,255,163,192,234,110,205,138,204
024r-029v,0,721,3328,147,166,167,176,179,180,179,180,183,182,180,177,174,165,230,251,154,248,250,167,135,166,145
024r-029v,0,712,3487,129,153,156,167,178,184,185,185,179,180,180,177,178,147,208,255,126,151,209,105,173,131,195
024r-029v,0,721,3646,128,153,155,163,172,173,172,175,170,169,167,165,163,152,208,255,145,165,207,106,170,128,191
024r-029v,0,757,3796,136,166,167,175,180,182,182,184,174,173,173,170,169,164,206,252,145,220,223,109,187,131,197
024r-029v,0,765,4004,134,164,163,170,176,176,178,176,174,173,170,167,166,162,200,236,141,164,249,134,157,144,167
024r-029v,1,1933,2659,95,83,83,82,81,81,81,81,83,84,87,99,112,84,86,93,116,122,147,109,92,135,94
024r-029v,1,1942,2699,92,83,83,83,84,85,87,87,93,96,101,116,127,84,85,91,110,96,76,108,96,145,110
024r-029v,1,1959,2758,96,96,96,98,98,99,98,98,102,104,105,115,125,95,93,101,116,109,147,119,102,149,107
024r-029v,1,1999,2763,88,81,81,80,80,79,79,80,82,84,86,101,114,82,83,97,107,109,119,105,94,128,102
024r-029v,1,2030,2756,89,80,80,80,80,81,82,82,88,92,95,110,122,82,83,89,110,122,76,104,94,136,106
024r-029v,1,2063,2741,91,88,86,87,89,89,91,91,98,102,107,119,128,88,88,94,116,96,76,113,99,141,115
024r-029v,1,2045,2697,87,82,82,81,81,80,80,80,81,83,85,97,111,83,85,95,113,96,119,103,98,121,108
024r-029v,1,2023,2719,87,80,81,79,79,78,78,78,81,82,86,100,112,81,82,92,107,135,91,104,96,126,106
024r-029v,1,1981,2685,91,85,85,86,88,90,93,94,101,106,110,123,133,86,90,96,113,148,76,109,99,138,124
024r-029v,1,2017,2679,88,83,83,82,83,83,84,83,87,89,94,105,117,85,85,92,104,109,76,109,97,135,104
024r-029v,1,2105,2681,90,83,83,83,84,85,86,86,89,92,96,109,121,84,85,92,110,96,76,104,100,122,123
024r-029v,1,2129,2701,97,88,87,89,91,93,96,97,101,106,110,124,136,88,91,94,113,96,105,106,104,145,129
024r-029v,1,2118,2747,91,81,80,80,80,80,81,81,84,87,93,106,120,81,83,94,110,96,76,104,97,124,117
024r-029v,1,2178,2685,89,83,83,82,81,81,80,80,80,80,82,91,105,84,82,91,107,122,133,103,99,108,114
024r-029v,1,2156,2725,88,82,82,83,85,88,90,90,98,101,106,121,132,81,86,92,101,122,119,105,98,137,124
024r-029v,1,2200,2716,92,85,85,85,84,85,85,86,90,92,97,111,125,87,86,92,116,108,91,106,101,130,124
024r-029v,1,2225,2721,88,86,86,84,84,83,82,82,83,84,87,99,111,85,88,90,104,122,91,113,101,116,112
024r-029v,1,2231,2699,92,83,83,81,81,80,80,80,80,80,84,94,107,84,84,92,110,96,105,101,104,103,121
024r-029v,1,2236,2632,94,91,90,89,88,89,88,89,89,89,92,103,116,91,87,92,110,96,90,96,111,106,135
024r-029v,1,2256,2694,88,85,85,84,82,81,80,81,80,80,82,92,105,85,84,93,116,122,119,96,104,99,124
024r-029v,1,2284,2697,84,81,81,80,80,80,80,80,82,84,88,100,113,81,84,93,110,121,133,97,100,105,125
024r-029v,1,2293,2743,88,81,80,81,82,83,84,84,86,88,92,105,119,82,88,95,110,96,119,98,97,115,126
024r-029v,1,2326,2745,91,83,84,83,82,82,83,83,84,86,89,100,114,83,84,90,110,96,91,97,104,102,127
024r-029v,1,2355,2708,95,85,86,85,85,84,84,83,85,86,90,100,114,88,89,91,119,96,133,98,104,104,128
024r-029v,1,2390,2632,88,83,83,82,81,81,81,81,81,83,86,95,103,84,76,82,101,96,76,101,102,104,112
024r-029v,1,2397,2681,95,85,85,84,85,86,87,87,90,94,99,111,123,85,87,93,110,108,119,106,99,129,125
024r-029v,1,2390,2721,91,89,91,91,92,93,94,95,97,100,104,116,127,92,93,93,104,96,91,100,115,116,150
024r-029v,1,2450,2734,89,83,83,82,82,81,81,82,84,85,88,100,111,84,82,90,110,96,91,96,99,108,120
024r-029v,1,2459,2765,98,83,84,84,83,83,85,85,89,91,96,110,121,85,85,95,107,147,162,98,101,115,132
024r-029v,1,2477,2745,93,84,85,84,83,82,82,82,83,83,87,96,107,85,85,95,113,96,105,101,104,109,114
024r-029v,1,2532,2701,87,83,84,81,81,82,82,83,85,86,91,103,114,83,86,91,107,121,147,99,100,114,119
024r-029v,1,2538,2739,91,82,82,80,79,80,79,79,82,83,87,100,113,83,82,91,110,96,91,106,96,123,107
024r-029v,1,2569,2752,87,81,81,80,80,80,80,80,82,83,88,101,115,83,83,90,113,121,176,101,98,119,114
024r-029v,1,2556,2692,91,81,81,80,80,80,79,79,80,81,84,94,105,82,83,95,110,96,76,104,96,119,103
024r-029v,1,2592,2732,87,79,79,78,78,78,77,78,79,79,82,94,108,80,84,95,101,96,105,101,96,109,111
024r-029v,1,2618,2750,88,80,81,79,79,79,79,79,80,81,84,96,108,81,84,90,118,96,119,103,98,111,111
024r-029v,1,2647,2752,87,86,86,84,83,82,83,83,84,87,90,103,116,87,83,94,110,96,147,98,101,109,124
024r-029v,1,2640,2705,83,81,81,79,79,78,77,77,77,77,79,87,102,81,82,91,107,96,105,101,96,106,103
024r-029v,1,2676,2710,87,83,83,82,81,81,80,81,80,82,84,95,109,84,84,90,104,96,147,101,101,111,111
024r-029v,1,2673,2754,90,81,81,81,82,83,84,85,88,90,94,106,119,82,86,96,118,108,119,100,100,117,123
024r-029v,1,2707,2750,87,82,82,82,84,85,87,87,93,97,100,113,122,83,87,93,113,159,162,101,98,124,121
024r-029v,1,2733,2750,87,84,84,85,88,89,91,93,99,102,108,120,131,84,89,94,110,96,119,104,98,137,120
024r-029v,1,1946,2805,91,86,86,85,84,83,81,81,79,78,78,86,98,88,86,94,107,96,119,108,100,109,101
024r-029v,1,1948,2840,93,84,85,83,83,82,83,82,85,86,88,99,112,86,86,93,101,109,163,108,99,122,106
024r-029v,1,1939,2878,93,81,81,80,80,80,79,79,81,81,83,95,108,84,83,90,113,96,105,107,93,130,95
024r-029v,1,1935,2902,89,82,83,81,81,80,79,79,81,82,85,98,112,83,85,93,116,109,134,103,95,127,100
024r-029v,1,1957,2876,89,86,85,84,82,81,80,80,81,83,86,99,113,85,85,94,104,96,76,109,95,132,101
024r-029v,1,1977,2900,90,80,79,79,78,78,77,78,79,81,84,97,110,80,84,91,113,96,76,107,92,127,98
024r-029v,1,2006,2809,85,78,78,77,77,77,76,76,75,74,75,82,94,80,82,92,110,109,148,104,96,108,92
024r-029v,1,2021,2840,93,80,80,79,79,79,78,78,81,83,87,100,115,81,84,94,110,109,105,105,92,133,101
024r-029v,2,5149,4475,96,105,109,112,118,114,119,122,127,129,134,140,147,106,107,117,109,96,76,98,147,109,175
024r-029v,2,5143,4460,82,79,79,80,82,83,86,87,95,100,108,121,130,79,85,92,106,107,76,95,99,103,152
024r-029v,2,5325,4529,98,102,104,109,114,123,125,126,137,141,147,157,157,102,112,118,117,96,76,116,92,176,118
024r-029v,2,5328,4545,110,120,121,127,130,140,141,140,150,151,152,160,159,117,125,146,117,96,130,134,101,187,122
024r-029v,2,5328,4566,93,92,92,97,102,107,112,111,125,129,137,148,149,91,106,115,109,96,116,108,92,165,116
024r-029v,2,5321,4581,99,91,91,95,100,107,112,112,125,132,139,155,159,90,101,117,101,96,103,109,93,172,122
024r-029v,2,5306,4585,105,125,124,128,131,135,135,134,136,140,140,143,143,123,137,145,122,118,144,132,109,153,124
024r-029v,2,5303,4501,93,112,112,117,123,129,132,131,136,139,142,145,143,109,122,143,111,96,90,119,98,151,119
024r-029v,2,5324,4498,104,112,114,120,124,132,135,133,142,145,147,154,152,111,120,135,114,96,90,127,96,167,119
024r-029v,2,5329,4483,100,109,107,112,115,122,124,123,131,136,139,149,149,106,133,130,111,96,76,127,97,173,121
024r-029v,2,5317,4460,113,123,124,127,128,133,133,132,135,136,137,141,139,127,136,142,124,129,90,143,101,161,115
024r-029v,2,5308,4456,93,97,97,103,107,112,116,114,124,129,134,141,141,97,113,121,111,96,103,113,95,157,117
024r-029v,2,5449,4456,177,177,173,169,166,180,176,166,167,170,170,177,174,182,163,153,119,96,116,207,92,247,117
024r-029v,2,5471,4447,154,156,152,155,155,163,160,156,157,157,156,157,155,154,150,142,132,118,90,204,93,223,113
024r-029v,2,5475,4437,145,123,123,123,122,127,129,127,132,137,143,153,156,124,112,109,116,96,116,124,91,208,111
024r-029v,2,5474,4407,155,161,159,160,155,163,161,156,158,161,161,166,165,163,146,147,140,140,116,194,93,227,114
024r-029v,2,5482,4398,125,118,117,121,126,135,137,135,143,148,151,159,159,116,122,138,114,96,103,151,92,214,114
024r-029v,2,5498,4402,140,154,154,154,151,159,157,152,156,154,157,160,160,148,137,147,124,140,103,195,95,211,113
024r-029v,2,5502,4419,126,117,119,120,121,123,126,123,130,135,141,155,160,118,106,110,122,129,130,119,91,193,111
024r-029v,2,5497,4435,132,138,134,136,137,145,146,143,146,148,150,154,151,135,141,142,114,96,103,167,93,203,110
024r-029v,2,5445,4435,166,169,164,163,160,171,166,159,160,161,159,161,158,171,183,165,137,140,183,238,93,255,114
024r-029v,2,5445,4399,181,186,180,177,172,190,185,173,173,173,174,178,173,181,185,167,140,172,156,209,93,246,119
024r-029v,2,5446,4376,148,155,153,153,156,169,165,159,161,162,162,164,163,152,154,153,134,128,103,189,92,227,115
024r-029v,2,5461,4376,152,152,149,154,154,172,171,166,166,168,168,174,170,151,157,162,134,128,116,183,92,233,118
024r-029v,2,5447,4352,167,194,186,186,181,194,186,176,173,172,170,170,164,195,193,173,140,96,76,255,93,252,115
024r-029v,2,5483,4346,152,161,158,162,159,172,170,164,162,164,163,165,161,157,169,160,134,150,129,197,94,210,113
024r-029v,2,5513,4349,144,163,162,166,168,174,171,166,165,167,166,166,164,165,160,166,145,129,103,184,94,198,115
024r-029v,2,5545,4349,138,161,158,158,151,155,151,149,148,147,147,147,145,157,160,158,140,107,116,163,95,163,110
024r-029v,2,5462,4283,151,166,164,166,162,175,171,164,165,166,165,166,162,162,164,167,145,139,116,207,93,236,116
024r-029v,2,5449,4278,163,183,179,176,173,188,182,172,168,169,169,171,167,183,175,163,134,128,90,242,94,248,117
024r-029v,2,5472,4271,149,165,160,160,159,169,167,159,159,160,159,158,158,163,161,161,147,128,143,219,93,228,113
024r-029v,2,5495,4293,133,154,150,156,156,162,160,158,159,160,161,163,161,147,155,171,134,118,103,162,94,184,114
024r-029v,2,5506,4309,137,169,167,171,168,173,168,167,164,164,164,162,157,168,160,164,142,118,129,177,96,180,115
024r-029v,2,5526,4323,123,145,143,150,151,157,158,155,155,157,156,157,155,142,163,161,137,139,116,148,95,172,115
024r-029v,2,5149,4513,108,126,129,136,143,140,145,150,153,154,156,155,153,127,142,145,122,107,130,98,168,109,184
024r-029v,2,5168,4511,125,134,137,146,152,146,151,157,159,159,160,155,157,130,151,166,135,96,158,97,198,110,199
024r-029v,2,5190,4507,105,114,117,125,133,131,137,144,149,154,156,155,156,111,123,146,112,96,117,97,165,111,195
024r-029v,2,5220,4499,111,131,134,140,143,146,147,148,150,151,152,152,151,133,140,153,122,118,103,121,151,123,166
024r-029v,2,5241,4491,98,115,115,121,125,130,131,134,139,140,142,144,142,111,119,146,111,129,76,114,126,129,152
024r-029v,2,5255,4493,109,125,126,129,129,134,135,134,138,140,141,146,145,122,120,142,114,129,157,127,107,143,132
024r-029v,2,5013,4456,105,113,116,121,126,131,136,135,141,145,145,146,146,115,130,135,117,96,103,120,119,136,142
024r-029v,2,5005,4475,112,137,138,145,148,149,150,149,152,151,150,147,144,135,161,170,122,197,171,133,135,138,141
024r-029v,2,4991,4496,123,165,164,164,164,167,163,162,161,162,161,158,156,164,176,172,133,152,131,182,115,168,132
024r-029v,2,4985,4520,124,139,138,143,149,156,156,156,161,161,160,163,162,137,163,163,127,141,158,156,107,188,128
024r-029v,2,4980,4482,120,148,147,153,152,157,157,155,156,156,156,151,149,142,165,162,127,129,131,148,117,151,126
024r-029v,2,4980,4446,117,146,146,152,155,157,157,157,159,157,159,156,155,144,168,159,127,118,158,150,112,162,127
024r-029v,2,4981,4419,108,127,128,137,142,146,150,148,153,154,155,155,153,126,150,153,117,96,131,130,108,153,127
024r-029v,2,4985,4403,116,145,143,148,146,147,147,146,150,151,152,151,152,144,159,160,125,141,144,145,117,149,131
024r-029v,2,5007,4396,84,97,97,103,108,113,117,119,129,136,142,150,153,95,110,122,106,96,76,106,110,138,147
024r-029v,2,5024,4409,120,127,128,132,136,138,141,141,146,149,149,149,148,125,145,139,127,96,144,128,132,139,147
102v-107r,0,3668,3677,154,179,182,183,188,185,186,185,184,184,183,181,178,182,163,147,138,142,150,127,216,145,203
102v-107r,0,3666,3699,154,177,178,185,186,185,188,191,189,188,189,188,187,177,171,153,141,164,160,122,233,148,218
102v-107r,0,3666,3729,131,146,147,151,154,154,155,158,159,160,159,159,158,144,154,145,132,136,151,113,179,132,178
102v-107r,0,3664,3749,132,147,149,152,153,152,154,156,155,154,155,152,149,146,157,147,139,155,142,126,161,131,166
102v-107r,0,3660,3777,127,145,145,149,152,152,153,155,154,154,156,152,150,148,150,142,140,152,147,110,169,127,165
102v-107r,0,3658,3815,152,201,196,200,198,198,196,191,188,187,186,184,180,191,184,161,149,174,187,255,189,208,184
102v-107r,0,3658,3839,139,167,164,166,165,165,163,162,159,157,156,154,153,158,161,150,144,161,173,166,146,157,145
102v-107r,0,3656,3875,144,170,169,171,173,172,171,169,168,169,166,163,162,167,186,168,147,168,165,207,136,181,141
102v-107r,0,3656,3909,130,141,142,141,142,145,144,142,141,140,140,137,138,141,162,158,146,168,179,154,132,148,129
102v-107r,0,3656,3947,144,179,177,182,183,185,185,183,184,183,183,180,179,174,200,190,156,194,188,214,128,200,148
102v-107r,0,3652,3993,144,161,163,165,170,173,173,172,171,170,170,167,165,158,188,172,148,182,175,133,176,153,177
102v-107r,0,3766,3693,131,157,159,167,174,178,180,181,182,184,187,183,183,157,160,159,134,135,162,144,156,171,180
102v-107r,0,3762,3717,122,146,146,155,160,165,166,165,168,169,172,171,168,150,150,155,129,154,162,159,139,174,158
102v-107r,0,3762,3747,126,156,156,163,166,172,174,175,176,176,176,175,171,151,159,159,131,148,154,168,135,180,162
102v-107r,0,3762,3771,132,143,143,145,147,150,151,151,151,151,152,151,148,142,154,148,137,154,154,141,138,146,148
102v-107r,0,3766,3793,128,149,148,153,157,159,162,159,162,163,159,160,158,148,165,158,138,163,154,133,153,148,161
102v-107r,0,3766,3819,130,147,148,151,155,156,156,158,154,159,157,156,153,151,157,151,141,157,154,136,154,148,156
102v-107r,0,3766,3839,145,172,172,172,172,173,171,170,169,167,168,164,162,164,179,166,147,179,172,167,161,159,157
102v-107r,0,3766,3869,149,180,182,183,185,183,183,180,179,178,178,174,171,181,184,170,144,163,159,190,157,180,158
102v-107r,0,3764,3889,139,154,154,157,161,162,162,163,163,163,161,159,158,151,178,168,142,167,177,155,143,157,147
102v-107r,0,3764,3905,170,208,206,202,197,194,193,191,186,185,184,179,175,195,195,177,152,179,186,218,179,180,171
102v-107r,0,3764,3927,163,191,192,196,193,193,190,189,186,185,183,178,174,185,193,179,150,179,164,208,151,182,156
102v-107r,0,3764,3949,142,164,163,163,166,168,170,168,166,167,166,162,160,153,188,179,150,170,173,164,143,164,145
102v-107r,0,3764,3963,128,146,147,148,151,156,154,153,154,153,152,151,150,145,176,174,144,173,160,158,126,157,134
102v-107r,0,3764,3987,114,139,138,145,150,151,152,152,153,152,152,148,147,135,177,176,137,167,138,137,124,145,138
102v-107r,0,3236,2393,155,159,159,161,159,160,160,158,160,159,159,157,155,163,155,135,145,163,156,194,134,178,136
102v-107r,0,3236,2423,163,165,164,167,169,167,166,167,169,167,167,165,163,173,154,143,152,156,151,186,133,180,145
102v-107r,0,3236,2437,151,176,174,174,173,175,170,169,168,166,164,162,160,173,172,152,144,166,165,214,140,177,145
102v-107r,0,3234,2459,134,153,153,157,160,161,162,162,159,160,159,157,155,156,165,151,146,176,174,146,151,149,156
102v-107r,0,3232,2487,136,161,165,167,171,171,171,168,170,171,170,169,166,166,176,160,151,176,165,153,152,156,158
102v-107r,0,3232,2513,140,164,165,171,170,173,172,173,170,169,168,166,164,169,173,159,149,179,170,128,167,138,171
102v-107r,0,3230,2539,172,186,187,191,194,189,191,193,186,186,185,181,177,194,179,160,144,159,174,120,243,145,209
102v-107r,0,3230,2561,139,151,152,150,150,152,149,149,148,147,147,144,145,153,153,138,145,169,151,128,151,130,150
102v-107r,0,3232,2589,135,154,154,155,155,155,153,153,149,150,148,145,143,155,143,133,146,166,160,146,157,143,148
102v-107r,0,3234,2613,165,184,185,183,184,183,181,181,175,175,173,166,165,187,159,134,141,150,146,146,205,147,184
102v-107r,0,3234,2641,146,168,173,172,171,166,167,167,162,160,162,155,154,168,154,132,144,153,151,109,204,123,187
102v-107r,0,3336,2401,147,199,199,198,192,188,184,182,175,173,170,165,161,183,163,138,139,149,147,117,196,131,175
102v-107r,0,3332,2457,149,166,169,173,175,171,174,175,170,170,170,167,168,168,166,149,146,169,160,97,225,119,217
102v-107r,0,3332,2479,162,182,182,180,179,174,174,175,171,169,169,164,164,180,163,139,145,166,164,99,204,117,194
102v-107r,0,3332,2495,145,158,159,160,163,161,163,163,159,160,158,157,159,155,162,143,145,162,146,96,205,114,191
102v-107r,0,3332,2523,144,154,156,158,157,159,158,157,158,156,156,154,153,162,161,145,144,169,150,140,155,142,150
102v-107r,0,3332,2543,134,161,161,161,163,162,160,159,160,160,157,155,154,159,168,147,141,169,155,163,152,159,148
102v-107r,0,3332,2557,132,147,147,152,152,155,154,153,154,154,154,151,150,151,161,147,143,162,141,145,150,152,151
102v-107r,0,3332,2583,129,146,144,144,147,146,146,145,146,146,145,143,143,145,160,142,142,156,146,158,119,152,129
102v-107r,0,3596,2413,131,150,151,154,154,155,155,155,153,153,152,149,148,153,152,140,147,149,137,149,163,146,149
102v-107r,0,3594,2443,130,135,135,137,138,138,138,137,138,138,139,136,137,138,143,135,138,146,141,139,128,136,134
102v-107r,0,3590,2459,127,144,145,146,146,148,150,146,148,147,146,145,142,137,154,139,137,165,141,148,137,143,145
102v-107r,0,3588,2491,121,137,137,142,142,143,143,143,141,141,140,137,135,136,151,143,133,168,146,130,148,133,148
102v-107r,0,3588,2511,126,148,148,153,155,158,157,157,154,155,154,151,149,151,167,160,141,177,159,132,178,137,174
102v-107r,0,3588,2541,132,150,153,157,159,158,160,160,158,155,155,154,154,149,164,155,143,159,159,117,215,126,204
102v-107r,0,3588,2559,117,135,140,141,142,143,143,146,141,141,142,139,138,135,161,155,132,159,146,99,211,113,194
102v-107r,1,4658,4095,98,94,93,89,88,89,88,88,91,94,99,112,124,90,87,93,109,90,80,113,96,137,110
102v-107r,1,4672,4109,102,94,93,91,90,91,91,90,94,98,101,115,126,94,89,93,112,90,85,113,96,138,111
102v-107r,1,4457,4146,92,86,87,83,82,81,80,80,78,79,80,90,103,85,83,89,109,93,76,96,102,100,108
102v-107r,1,4472,4129,101,91,90,86,85,83,82,82,80,80,79,87,99,93,83,89,110,93,89,105,106,105,99
102v-107r,1,4367,3970,98,89,88,86,84,83,82,83,82,83,84,93,106,90,84,90,110,104,93,97,108,100,119
102v-107r,1,4404,3977,96,84,83,82,81,81,80,80,82,83,86,96,109,86,83,89,109,96,97,96,95,101,117
102v-107r,1,4452,3977,95,88,87,85,84,84,85,84,89,91,94,106,118,88,85,92,108,99,102,99,97,116,120
102v-107r,1,4489,3975,97,87,86,85,84,83,84,84,88,90,95,111,127,87,84,89,110,93,84,97,99,119,131
102v-107r,1,4495,4007,98,90,90,87,86,85,84,84,86,88,91,103,114,90,86,91,110,102,93,103,100,119,113
102v-107r,1,4468,4010,95,89,88,86,86,86,87,87,91,94,98,113,125,88,86,93,109,96,102,101,103,124,129
102v-107r,1,4425,4018,94,87,86,86,85,87,88,89,94,96,102,111,120,86,87,95,107,99,76,97,101,108,133
102v-107r,1,4387,4023,98,90,89,88,86,86,87,88,92,95,101,114,127,89,86,93,112,96,93,102,102,116,137
102v-107r,1,4348,4022,96,89,89,87,86,85,85,85,88,90,93,105,119,88,85,89,112,102,93,100,105,115,123
102v-107r,1,4320,4011,98,88,88,87,85,86,86,86,90,93,98,112,125,89,85,91,109,96,80,98,104,118,131
102v-107r,1,4264,4033,98,89,89,85,85,82,83,84,85,86,88,99,110,88,84,90,109,90,93,96,105,99,123
102v-107r,1,4245,4010,101,93,93,90,88,88,87,87,89,90,93,103,113,91,87,91,112,93,97,116,95,114,115
102v-107r,1,4227,4029,98,90,89,86,84,83,82,81,81,81,84,93,105,89,85,89,109,96,80,103,99,112,102
102v-107r,1,4228,3995,99,91,90,88,87,87,87,87,89,92,96,106,115,90,87,92,110,90,93,103,98,119,112
102v-107r,1,4225,3963,102,92,91,88,85,84,84,84,84,87,89,99,111,90,85,89,112,93,89,110,97,119,105
102v-107r,1,4196,4015,98,88,87,85,83,83,83,83,84,86,88,100,112,89,86,91,111,102,84,99,97,119,108
102v-107r,1,4180,3994,95,90,90,89,86,85,85,85,87,90,93,106,121,88,85,91,109,93,97,98,104,128,116
102v-107r,1,4163,3990,96,87,86,85,84,84,85,85,91,93,99,112,124,86,86,93,109,90,93,98,95,129,114
102v-107r,1,4155,4022,95,90,89,87,84,84,84,84,87,90,95,114,135,89,86,91,109,90,97,105,96,134,132
102v-107r,1,4056,3938,93,88,87,85,84,82,82,82,82,83,85,95,106,88,84,90,109,96,93,97,105,106,113
102v-107r,1,4081,3973,93,87,86,85,85,85,86,87,90,92,94,105,113,87,87,96,109,102,102,98,95,115,117
102v-107r,1,4101,3995,97,87,88,86,87,87,88,89,93,96,102,118,130,88,87,95,112,99,89,100,96,129,126
102v-107r,1,4116,4026,96,90,89,87,86,87,88,88,95,97,103,122,136,89,85,93,111,99,89,105,98,130,134
102v-107r,1,4077,4027,95,86,86,84,84,85,86,86,91,94,97,110,119,86,86,93,110,111,93,98,98,119,117
102v-107r,1,4041,4049,91,87,88,88,90,91,94,95,101,104,111,122,133,88,90,97,108,90,80,95,102,115,144
102v-107r,1,4029,4026,98,87,87,85,84,82,82,84,87,89,93,111,125,86,84,89,109,93,93,94,100,109,140
102v-107r,1,4005,4023,93,87,87,85,84,82,83,84,85,87,89,100,110,85,84,90,109,90,76,99,102,104,121
102v-107r,1,3992,4039,93,88,89,88,88,89,91,91,98,103,108,124,140,90,88,93,109,96,89,98,99,126,144
102v-107r,1,3991,3949,95,89,88,88,87,88,90,90,94,97,103,114,125,87,89,98,109,90,84,97,103,111,143
102v-107r,1,3983,3967,96,89,89,87,88,88,89,89,95,97,101,112,120,88,89,98,109,108,98,95,104,108,133
102v-107r,1,3973,3997,97,89,89,89,89,88,90,91,96,98,104,119,134,87,87,95,109,90,93,97,105,121,150
102v-107r,1,3961,4025,93,88,87,86,85,86,87,88,92,95,101,114,124,87,87,96,110,105,89,96,100,114,135
102v-107r,1,3959,4047,93,88,89,86,84,83,84,84,87,89,93,107,118,87,84,91,109,90,80,101,97,117,119
102v-107r,1,4009,4149,100,93,92,90,89,88,89,89,91,94,99,112,125,92,86,91,109,96,93,111,101,127,118
102v-107r,1,4131,4078,95,89,88,85,84,82,82,82,83,83,87,99,114,88,83,88,109,93,84,101,99,117,113
102v-107r,1,4155,4075,95,91,91,88,86,83,82,83,81,81,82,92,106,89,85,89,107,90,84,101,110,103,113
102v-107r,1,4160,4107,93,88,88,86,84,83,83,83,85,88,92,107,122,88,84,89,108,90,76,98,99,119,123
102v-107r,1,4160,4130,96,93,90,89,87,88,88,88,90,93,96,109,120,91,86,91,110,90,84,103,100,121,121
102v-107r,1,4160,4162,96,88,89,88,88,89,90,92,99,103,109,127,139,88,87,92,110,99,89,98,100,129,143
102v-107r,1,4192,4126,98,89,89,86,85,84,84,84,87,89,92,102,115,86,86,90,110,102,93,99,103,112,117
102v-107r,1,4339,4110,98,88,88,86,84,83,83,84,85,87,91,104,117,87,84,90,109,102,89,98,97,110,116
102v-107r,1,4375,4118,95,89,89,86,85,83,84,83,86,87,92,105,120,87,85,91,107,105,102,103,97,115,124
102v-107r,1,4387,4150,94,87,87,87,87,88,89,90,96,99,104,117,127,86,87,94,109,96,93,95,102,119,129
102v-107r,1,4352,4155,97,94,94,92,91,91,92,92,98,100,106,119,132,90,87,93,110,99,93,102,109,120,142
102v-107r,1,4307,4154,95,90,89,86,84,83,82,80,82,82,85,98,111,87,84,89,108,90,93,105,97,111,113
102v-107r,1,4271,4161,92,86,86,84,83,82,82,82,84,86,89,102,114,85,84,90,108,102,98,97,98,112,119
102v-107r,1,4239,4145,94,88,88,85,84,83,84,82,85,87,91,105,119,88,84,90,106,90,89,101,97,116,121
102v-107r,1,4249,4111,93,86,87,85,84,85,86,87,92,94,99,112,123,86,86,93,108,102,97,96,96,118,128
102v-107r,1,4288,4125,96,87,86,84,83,81,81,81,82,84,88,97,111,87,84,88,107,93,80,97,101,109,114
102v-107r,2,3711,3480,114,146,145,149,158,169,174,173,181,180,180,178,177,130,127,127,120,117,119,164,119,205,140
102v-107r,2,3721,3491,110,117,119,124,133,145,149,150,157,159,158,158,156,116,116,118,116,114,136,153,107,183,132
102v-107r,2,3710,3502,114,129,130,133,140,151,153,153,159,159,158,156,154,124,123,118,121,120,127,163,103,184,128
102v-107r,2,3713,3529,124,129,129,132,134,141,142,141,150,150,150,152,149,129,128,124,123,114,106,158,97,188,117
102v-107r,2,3709,3562,102,102,100,106,118,132,138,138,145,148,148,151,151,104,108,114,114,114,110,128,97,190,124
102v-107r,2,3709,3586,105,122,121,128,138,157,163,161,169,170,172,171,171,117,111,114,112,102,93,162,101,206,140
102v-107r,2,3707,3606,100,101,101,106,118,132,138,142,149,151,153,153,153,102,104,108,114,93,115,117,108,161,142
102v-107r,2,3725,3598,107,112,111,117,132,146,154,154,164,164,165,166,167,115,115,113,113,102,93,132,108,180,147
102v-107r,2,3738,3581,107,117,116,126,137,148,152,152,160,163,162,163,164,117,116,115,115,99,110,141,120,190,146
102v-107r,2,3727,3684,116,129,131,135,151,165,169,170,175,179,181,181,178,133,126,115,117,120,110,129,132,171,172
102v-107r,2,3729,3662,97,108,108,116,129,143,149,151,159,160,162,162,161,106,114,111,115,111,110,124,106,162,146
102v-107r,2,3734,3634,98,112,110,122,137,153,159,161,171,174,176,176,173,110,113,116,115,105,106,125,109,178,153
102v-107r,2,3721,3623,109,107,107,113,128,143,151,152,161,162,165,164,164,107,109,109,115,111,119,108,119,153,162
102v-107r,2,3701,3621,110,118,118,122,129,138,142,141,148,149,148,150,151,120,120,115,121,120,106,139,116,159,138
102v-107r,2,3699,3650,96,106,106,114,127,136,140,141,147,148,149,146,146,107,114,119,114,111,93,112,114,137,145
102v-107r,2,3837,3547,119,155,155,160,167,173,176,178,180,180,180,181,179,144,132,125,119,114,101,126,166,153,188
102v-107r,2,3826,3561,106,112,113,121,137,149,157,160,165,165,167,167,164,116,123,127,115,114,114,110,127,143,181
102v-107r,2,3816,3572,122,143,144,152,162,169,172,171,173,172,172,170,169,141,139,128,119,111,123,144,145,159,171
102v-107r,2,3805,3584,115,116,116,124,138,145,152,153,157,161,161,161,160,121,127,123,118,114,123,120,121,155,156
102v-107r,2,3802,3604,105,109,110,112,126,144,153,155,165,168,169,168,167,111,105,104,112,102,97,126,117,172,162
102v-107r,2,3802,3631,112,132,133,140,148,155,159,159,162,161,161,163,163,135,129,123,119,114,127,128,143,155,162
102v-107r,2,3808,3681,96,108,109,120,139,159,170,172,186,191,191,190,188,107,122,127,111,111,110,117,107,181,166
102v-107r,2,3807,3704,95,92,92,96,106,115,123,127,141,145,149,151,151,91,102,120,111,90,93,103,100,148,144
102v-107r,2,3830,3677,99,117,117,129,142,160,167,170,179,180,183,180,182,115,124,129,117,108,131,123,113,178,159
102v-107r,2,3831,3652,92,101,101,111,124,135,142,142,147,150,150,150,150,100,110,117,112,105,101,111,106,147,138
102v-107r,2,3680,3547,108,125,125,132,137,146,148,148,152,153,152,152,151,122,134,129,123,120,149,156,109,179,125
102v-107r,2,3668,3530,116,133,132,137,148,158,161,163,168,167,168,166,164,126,133,128,124,117,115,164,104,191,132
102v-107r,2,3656,3513,129,156,156,157,163,167,168,164,166,167,164,162,158,153,145,135,127,124,150,210,110,193,129
102v-107r,2,3621,3471,120,121,124,127,141,150,158,160,165,168,170,169,171,126,122,118,122,115,116,99,154,133,205
102v-107r,2,3610,3525,108,132,132,143,158,171,181,182,187,188,189,184,182,119,124,123,112,109,116,105,170,154,219
102v-107r,2,3602,3741,97,113,114,123,140,153,161,165,177,181,182,183,181,110,113,116,113,93,99,117,114,165,182
102v-107r,2,3603,3712,100,117,117,127,138,151,157,159,165,167,167,167,164,113,116,119,115,103,117,122,126,146,172
102v-107r,2,3603,3695,96,95,95,101,114,128,137,137,147,150,153,151,151,96,107,117,114,96,113,99,107,126,160
102v-107r,2,3626,3700,103,100,100,106,119,129,139,142,148,151,153,152,151,98,104,109,109,99,90,94,129,119,202
102v-107r,2,3625,3769,100,112,112,118,124,132,135,137,140,143,143,142,142,107,116,117,118,106,117,116,115,135,145
102v-107r,2,3623,3796,95,102,103,109,120,132,136,138,145,147,150,147,148,102,111,115,112,112,99,103,114,139,154
102v-107r,2,3620,3817,99,96,98,102,113,123,132,132,141,145,148,149,152,99,108,118,114,112,94,110,125,168,165
102v-107r,2,3602,3818,103,113,114,118,130,142,145,147,155,157,158,158,158,112,119,116,117,115,95,114,111,162,147
102v-107r,2,3599,3772,105,115,116,126,141,152,157,159,163,162,163,158,160,119,119,122,117,106,113,114,134,144,172
102v-107r,2,3724,3725,107,117,114,121,128,136,142,141,145,147,149,149,149,116,121,125,117,108,111,120,116,149,146
102v-107r,2,3718,3738,114,130,128,134,139,144,144,146,147,148,147,148,145,127,127,127,118,111,106,147,124,145,146
102v-107r,2,3716,3765,99,110,112,118,127,142,146,147,151,152,153,153,153,113,117,120,114,99,111,124,110,155,146
102v-107r,2,3805,3744,94,101,101,107,120,133,137,138,144,145,148,147,147,101,113,121,110,102,102,108,106,143,143
102v-107r,2,3803,3765,97,119,117,125,141,158,167,167,174,177,181,180,178,113,116,118,110,105,110,125,121,169,179
102v-107r,2,3816,3806,121,145,148,151,156,164,165,164,165,166,165,161,160,138,142,134,125,135,141,127,173,151,168
102v-107r,2,3831,3774,96,107,107,116,126,137,142,145,148,152,150,150,144,107,119,128,115,108,102,117,112,146,141
102v-107r,2,3740,3504,111,130,130,137,146,154,157,158,164,164,165,164,161,129,137,134,124,123,127,153,110,187,136
102v-107r,2,3761,3523,138,178,179,183,185,190,191,187,187,186,185,181,177,170,152,137,125,126,148,219,119,213,141
102v-107r,2,3778,3543,126,132,131,136,142,147,152,150,154,157,156,156,155,130,131,130,123,126,114,158,117,166,140
102v-107r,2,3609,3572,133,171,171,179,188,192,193,192,193,193,194,188,186,168,138,121,125,112,139,183,158,198,185
102v-107r,2,3623,3564,112,130,131,136,143,149,151,153,155,157,157,156,156,127,135,133,125,124,125,143,117,170,138
102v-107r,2,3611,3637,110,105,103,106,116,140,145,141,159,162,162,167,166,110,110,121,116,115,117,227,94,255,125
102v-107r,2,3625,3627,107,110,109,118,137,162,170,168,184,185,187,187,184,111,108,115,115,102,112,140,94,221,126
102v-107r,2,3625,3658,103,126,126,136,147,158,163,165,166,166,168,166,162,123,120,116,116,115,116,121,140,147,162
102v-107r,2,3613,3667,103,111,112,116,124,132,136,135,142,142,143,141,140,108,110,114,119,112,112,114,96,151,117
102v-107r,2,3625,3735,99,111,112,122,133,145,153,157,160,163,165,164,165,107,119,122,113,112,126,103,146,127,208
214v-221r,0,4081,4848,173,182,182,182,185,187,187,186,182,183,183,181,178,187,188,178,139,176,126,160,174,173,171
214v-221r,0,4135,4848,210,221,221,214,210,203,199,201,196,194,192,188,186,220,189,158,147,155,84,211,191,190,169
214v-221r,0,4210,4848,217,215,217,210,208,204,201,197,194,194,191,189,184,212,191,174,165,134,105,218,202,196,167
214v-221r,0,4255,4848,152,163,167,167,171,174,175,174,175,176,173,172,171,166,192,190,142,164,167,163,146,168,155
214v-221r,0,4351,4848,126,154,156,162,168,170,171,175,174,174,173,172,172,148,191,214,131,123,146,123,174,153,175
214v-221r,0,4447,4848,173,182,181,181,184,182,183,185,183,183,183,181,180,182,186,182,164,195,156,141,187,160,189
214v-221r,0,4435,4770,138,154,156,161,163,164,165,166,164,164,165,161,161,152,186,190,141,195,166,121,176,130,176
214v-221r,0,4459,4560,144,154,158,164,169,162,164,170,167,165,167,162,160,156,178,174,148,184,155,99,233,115,199
214v-221r,0,4567,4836,143,163,164,170,175,176,175,177,177,175,175,174,172,164,181,189,138,133,165,145,169,148,178
214v-221r,0,4699,4812,159,182,181,183,184,180,182,182,179,177,177,174,171,179,193,175,161,163,145,162,182,163,168
214v-221r,0,4699,4716,135,165,166,170,172,172,174,173,174,172,172,169,168,157,178,174,133,122,104,144,163,151,165
214v-221r,0,4822,4797,167,179,181,180,181,182,180,179,180,179,178,175,175,176,189,178,151,193,154,169,154,167,162
214v-221r,0,4984,4806,159,163,164,168,172,173,173,172,174,172,174,170,169,162,197,189,140,203,124,151,159,167,156
214v-221r,0,5092,4809,145,164,165,171,175,173,173,173,173,173,172,168,169,165,194,197,150,182,174,162,156,163,162
214v-221r,0,5278,4806,142,149,153,155,161,157,161,164,165,164,165,163,165,144,175,179,140,171,113,107,204,131,187
214v-221r,0,5374,4803,151,159,159,165,167,167,170,172,169,171,169,167,164,155,178,186,140,171,173,134,171,151,166
214v-221r,0,5638,4815,132,152,153,157,165,171,172,170,173,174,172,172,169,151,188,200,144,150,153,143,143,161,164
214v-221r,0,6154,3546,148,186,186,190,194,192,191,189,189,189,188,183,181,187,191,216,137,129,199,194,141,176,173
214v-221r,0,6145,3636,150,160,162,166,172,172,173,176,174,175,175,173,172,156,184,190,130,129,160,138,186,153,181
214v-221r,0,6112,3771,164,172,175,177,177,178,179,179,179,179,179,178,177,164,193,210,144,184,141,145,180,161,180
214v-221r,0,6121,3912,127,137,141,146,151,152,153,155,156,157,157,156,155,131,167,180,123,138,130,114,179,134,174
214v-221r,0,6121,3954,120,143,144,153,159,160,161,163,165,165,165,163,163,138,176,207,139,175,178,130,152,144,168
214v-221r,0,6118,4023,118,128,129,134,139,141,144,145,145,144,146,145,144,131,153,174,123,129,111,128,130,136,146
214v-221r,0,6112,4110,117,130,131,138,143,151,153,153,152,155,154,153,153,131,158,180,121,166,131,134,124,152,146
214v-221r,0,6127,4182,132,154,156,166,173,168,169,173,173,173,172,167,166,151,189,210,126,166,161,128,199,133,188
214v-221r,0,6118,4389,118,118,120,128,135,141,143,147,148,150,154,152,152,121,143,161,128,110,151,107,155,120,182
214v-221r,0,6046,4467,115,127,129,135,140,138,142,145,148,150,150,149,147,125,153,165,131,139,132,104,178,115,179
214v-221r,0,5956,4497,115,128,131,139,145,143,146,150,152,152,153,151,151,125,168,184,126,111,162,98,170,112,180
214v-221r,0,5980,4629,128,139,141,146,149,146,148,151,152,152,154,151,152,137,160,160,145,158,123,104,183,114,180
214v-221r,0,5821,4815,124,133,134,142,151,156,160,161,164,166,164,165,164,133,187,217,127,150,113,144,127,171,153
214v-221r,0,5941,4809,133,163,164,169,171,172,172,176,176,175,174,172,170,157,182,194,141,178,152,135,198,143,191
214v-221r,0,3820,4209,159,171,170,177,177,174,174,174,175,174,172,171,170,173,197,180,155,176,159,174,129,168,142
214v-221r,0,3904,4422,146,168,168,175,179,179,180,179,181,180,181,176,176,166,177,183,139,176,137,173,152,174,165
214v-221r,0,2920,4872,144,156,155,158,160,160,160,160,160,159,159,157,155,159,161,153,147,184,164,130,162,138,160
214v-221r,0,2992,4869,139,151,153,154,155,155,156,155,154,153,154,153,150,149,161,160,147,172,177,131,152,135,155
214v-221r,0,3121,4878,172,186,183,182,179,177,177,172,173,171,170,168,165,182,183,166,166,172,205,207,145,178,146
214v-221r,0,3247,4875,188,189,189,192,192,190,189,186,187,185,185,182,179,191,195,187,150,149,206,172,174,180,167
214v-221r,0,2269,4863,138,148,148,153,156,159,160,160,163,161,161,158,158,145,182,195,148,233,226,174,120,169,134
214v-221r,0,2383,4872,126,141,143,147,151,153,155,155,157,155,157,153,152,139,156,168,148,186,196,140,138,151,144
214v-221r,0,2491,4869,154,164,165,169,169,168,169,169,170,169,167,166,161,164,176,172,153,139,150,168,144,167,150
214v-221r,0,2719,4866,123,146,148,153,158,162,164,164,165,165,164,164,160,144,183,199,128,173,133,123,164,140,173
214v-221r,0,2854,4875,166,164,166,169,170,171,170,171,170,169,169,165,165,162,176,172,161,196,178,145,158,150,164
214v-221r,0,2206,4860,143,167,170,174,179,179,178,180,178,178,178,173,171,169,180,187,148,163,196,124,188,142,184
214v-221r,0,2113,4863,130,155,157,160,165,164,165,167,164,165,163,161,161,152,175,185,137,139,255,104,190,125,188
214v-221r,0,1984,4866,150,151,152,156,155,157,156,157,157,156,155,152,152,151,167,160,151,186,196,155,140,154,145
214v-221r,0,1834,4869,136,151,152,154,156,157,155,157,155,155,153,150,148,150,168,169,140,223,213,127,160,138,154
214v-221r,0,1759,4878,127,147,148,152,155,155,155,155,155,154,154,150,150,148,169,173,132,128,153,144,144,144,145
214v-221r,0,1690,4872,140,144,144,143,142,142,140,139,141,140,137,138,134,143,158,153,152,164,185,155,127,143,122
214v-221r,0,1621,4872,117,121,121,127,131,132,135,135,139,138,139,137,136,120,135,145,137,128,202,152,107,153,116
214v-221r,0,2626,4854,135,159,162,165,167,169,170,169,169,167,167,167,164,157,180,190,150,207,193,149,161,159,164
214v-221r,0,4081,4848,173,182,182,182,185,187,187,186,182,183,183,181,178,187,188,178,139,176,126,160,174,173,171
214v-221r,0,4135,4848,210,221,221,214,210,203,199,201,196,194,192,188,186,220,189,158,147,155,84,211,191,190,169
214v-221r,0,4210,4848,217,215,217,210,208,204,201,197,194,194,191,189,184,212,191,174,165,134,105,218,202,196,167
214v-221r,0,4255,4848,152,163,167,167,171,174,175,174,175,176,173,172,171,166,192,190,142,164,167,163,146,168,155
214v-221r,0,4351,4848,126,154,156,162,168,170,171,175,174,174,173,172,172,148,191,214,131,123,146,123,174,153,175
214v-221r,0,4447,4848,173,182,181,181,184,182,183,185,183,183,183,181,180,182,186,182,164,195,156,141,187,160,189
214v-221r,0,4435,4770,138,154,156,161,163,164,165,166,164,164,165,161,161,152,186,190,141,195,166,121,176,130,176
214v-221r,0,4459,4560,144,154,158,164,169,162,164,170,167,165,167,162,160,156,178,174,148,184,155,99,233,115,199
214v-221r,0,4567,4836,143,163,164,170,175,176,175,177,177,175,175,174,172,164,181,189,138,133,165,145,169,148,178
214v-221r,0,4699,4812,159,182,181,183,184,180,182,182,179,177,177,174,171,179,193,175,161,163,145,162,182,163,168
214v-221r,0,4699,4716,135,165,166,170,172,172,174,173,174,172,172,169,168,157,178,174,133,122,104,144,163,151,165
214v-221r,0,4822,4797,167,179,181,180,181,182,180,179,180,179,178,175,175,176,189,178,151,193,154,169,154,167,162
214v-221r,0,4984,4806,159,163,164,168,172,173,173,172,174,172,174,170,169,162,197,189,140,203,124,151,159,167,156
214v-221r,0,5092,4809,145,164,165,171,175,173,173,173,173,173,172,168,169,165,194,197,150,182,174,162,156,163,162
214v-221r,0,5278,4806,142,149,153,155,161,157,161,164,165,164,165,163,165,144,175,179,140,171,113,107,204,131,187
214v-221r,0,5374,4803,151,159,159,165,167,167,170,172,169,171,169,167,164,155,178,186,140,171,173,134,171,151,166
214v-221r,0,5638,4815,132,152,153,157,165,171,172,170,173,174,172,172,169,151,188,200,144,150,153,143,143,161,164
214v-221r,0,6154,3546,148,186,186,190,194,192,191,189,189,189,188,183,181,187,191,216,137,129,199,194,141,176,173
214v-221r,0,6145,3636,150,160,162,166,172,172,173,176,174,175,175,173,172,156,184,190,130,129,160,138,186,153,181
214v-221r,0,6112,3771,164,172,175,177,177,178,179,179,179,179,179,178,177,164,193,210,144,184,141,145,180,161,180
214v-221r,0,6121,3912,127,137,141,146,151,152,153,155,156,157,157,156,155,131,167,180,123,138,130,114,179,134,174
214v-221r,0,6121,3954,120,143,144,153,159,160,161,163,165,165,165,163,163,138,176,207,139,175,178,130,152,144,168
214v-221r,0,6118,4023,118,128,129,134,139,141,144,145,145,144,146,145,144,131,153,174,123,129,111,128,130,136,146
214v-221r,0,6112,4110,117,130,131,138,143,151,153,153,152,155,154,153,153,131,158,180,121,166,131,134,124,152,146
214v-221r,0,6127,4182,132,154,156,166,173,168,169,173,173,173,172,167,166,151,189,210,126,166,161,128,199,133,188
214v-221r,0,6118,4389,118,118,120,128,135,141,143,147,148,150,154,152,152,121,143,161,128,110,151,107,155,120,182
214v-221r,0,6046,4467,115,127,129,135,140,138,142,145,148,150,150,149,147,125,153,165,131,139,132,104,178,115,179
214v-221r,0,5956,4497,115,128,131,139,145,143,146,150,152,152,153,151,151,125,168,184,126,111,162,98,170,112,180
214v-221r,0,5980,4629,128,139,141,146,149,146,148,151,152,152,154,151,152,137,160,160,145,158,123,104,183,114,180
214v-221r,0,5821,4815,124,133,134,142,151,156,160,161,164,166,164,165,164,133,187,217,127,150,113,144,127,171,153
214v-221r,0,5941,4809,133,163,164,169,171,172,172,176,176,175,174,172,170,157,182,194,141,178,152,135,198,143,191
214v-221r,0,3820,4209,159,171,170,177,177,174,174,174,175,174,172,171,170,173,197,180,155,176,159,174,129,168,142
214v-221r,0,3904,4422,146,168,168,175,179,179,180,179,181,180,181,176,176,166,177,183,139,176,137,173,152,174,165
214v-221r,0,2920,4872,144,156,155,158,160,160,160,160,160,159,159,157,155,159,161,153,147,184,164,130,162,138,160
214v-221r,0,2992,4869,139,151,153,154,155,155,156,155,154,153,154,153,150,149,161,160,147,172,177,131,152,135,155
214v-221r,0,3121,4878,172,186,183,182,179,177,177,172,173,171,170,168,165,182,183,166,166,172,205,207,145,178,146
214v-221r,0,3247,4875,188,189,189,192,192,190,189,186,187,185,185,182,179,191,195,187,150,149,206,172,174,180,167
214v-221r,0,2269,4863,138,148,148,153,156,159,160,160,163,161,161,158,158,145,182,195,148,233,226,174,120,169,134
214v-221r,0,2383,4872,126,141,143,147,151,153,155,155,157,155,157,153,152,139,156,168,148,186,196,140,138,151,144
214v-221r,0,2491,4869,154,164,165,169,169,168,169,169,170,169,167,166,161,164,176,172,153,139,150,168,144,167,150
214v-221r,0,2719,4866,123,146,148,153,158,162,164,164,165,165,164,164,160,144,183,199,128,173,133,123,164,140,173
214v-221r,0,2854,4875,166,164,166,169,170,171,170,171,170,169,169,165,165,162,176,172,161,196,178,145,158,150,164
214v-221r,0,2206,4860,143,167,170,174,179,179,178,180,178,178,178,173,171,169,180,187,148,163,196,124,188,142,184
214v-221r,0,2113,4863,130,155,157,160,165,164,165,167,164,165,163,161,161,152,175,185,137,139,255,104,190,125,188
214v-221r,0,1984,4866,150,151,152,156,155,157,156,157,157,156,155,152,152,151,167,160,151,186,196,155,140,154,145
214v-221r,0,1834,4869,136,151,152,154,156,157,155,157,155,155,153,150,148,150,168,169,140,223,213,127,160,138,154
214v-221r,0,1759,4878,127,147,148,152,155,155,155,155,155,154,154,150,150,148,169,173,132,128,153,144,144,144,145
214v-221r,0,1690,4872,140,144,144,143,142,142,140,139,141,140,137,138,134,143,158,153,152,164,185,155,127,143,122
214v-221r,0,1621,4872,117,121,121,127,131,132,135,135,139,138,139,137,136,120,135,145,137,128,202,152,107,153,116
214v-221r,0,2626,4854,135,159,162,165,167,169,170,169,169,167,167,167,164,157,180,190,150,207,193,149,161,159,164
214v-221r,1,3155,4222,96,92,91,89,89,87,87,87,89,90,95,103,115,91,87,87,100,125,74,92,116,99,140
214v-221r,1,3169,4209,89,82,83,82,82,83,83,84,88,90,96,108,122,84,82,86,103,92,117,94,96,106,136
214v-221r,1,3203,4219,88,83,83,82,82,82,83,84,87,91,94,108,119,83,83,88,108,92,102,99,93,118,123
214v-221r,1,3204,4249,88,86,86,85,84,84,84,85,89,92,97,111,124,86,85,90,111,92,117,106,95,121,126
214v-221r,1,3179,4257,91,84,83,83,83,85,86,87,93,96,101,115,126,83,84,89,108,137,117,99,92,128,119
214v-221r,1,3160,4250,91,85,84,83,83,82,83,83,86,89,92,104,118,84,85,87,108,114,117,95,101,103,132
214v-221r,1,3136,4270,108,93,91,89,88,87,87,86,91,92,95,109,120,93,88,89,114,103,132,117,88,140,97
214v-221r,1,3136,4243,94,82,83,82,82,81,82,82,86,89,93,106,119,84,83,88,100,92,103,100,91,129,107
214v-221r,1,3100,4242,100,87,86,85,84,82,82,81,82,82,83,91,101,87,82,88,116,114,132,104,90,118,90
214v-221r,1,3089,4271,111,91,89,87,86,85,85,85,85,86,88,96,106,90,86,95,117,115,132,109,87,132,89
214v-221r,1,3112,4163,97,87,86,85,84,84,84,83,85,87,88,98,110,90,87,86,111,92,103,101,92,120,102
214v-221r,1,3115,4194,97,89,88,87,86,86,85,86,90,93,96,109,122,88,85,89,111,114,160,101,92,137,108
214v-221r,1,3105,4221,103,88,88,86,85,84,84,84,87,89,90,101,113,88,84,90,103,92,88,102,87,136,95
214v-221r,1,3023,4226,91,82,80,80,79,79,78,78,78,81,82,92,105,82,84,87,100,103,133,98,89,114,95
214v-221r,1,3061,4251,99,86,86,84,83,82,81,81,81,81,82,88,98,87,85,87,114,92,132,105,88,117,87
214v-221r,1,3047,4274,103,90,90,87,87,86,84,84,85,85,88,96,108,91,86,92,100,103,88,111,87,131,88
214v-221r,1,2984,4199,93,87,87,86,84,84,84,83,85,87,90,99,111,88,86,91,109,92,88,109,93,117,110
214v-221r,1,2908,4239,90,85,84,83,85,85,86,87,94,97,103,116,129,85,85,94,100,115,74,97,93,126,123
214v-221r,1,2941,4262,93,85,85,85,85,85,86,87,92,95,103,116,129,85,86,89,109,92,133,97,95,118,129
214v-221r,1,2980,4266,89,84,85,84,85,87,88,89,97,100,108,122,134,83,89,98,100,92,148,99,92,141,122
214v-221r,1,2900,4275,89,83,82,82,83,84,85,86,94,97,104,119,130,83,84,88,100,92,88,95,94,120,136
214v-221r,1,2860,4270,92,82,83,82,82,81,82,84,88,91,96,110,123,83,83,87,111,92,133,93,94,107,134
214v-221r,1,2851,4186,91,83,83,82,80,80,79,79,79,79,81,87,99,84,81,86,106,92,132,97,93,101,103
214v-221r,1,2856,4229,91,84,83,83,82,82,82,83,86,87,92,102,115,86,83,89,106,92,74,97,93,115,114
214v-221r,1,2815,4269,97,91,92,91,92,94,95,97,101,105,111,124,136,92,90,87,103,103,103,92,109,106,171
214v-221r,1,2725,4227,94,86,86,84,83,82,82,82,83,84,88,97,108,87,86,87,100,92,118,99,95,108,113
214v-221r,1,2756,4227,90,86,86,85,85,84,86,86,89,92,97,109,121,86,85,89,106,92,88,95,103,109,137
214v-221r,1,2743,4259,99,86,87,85,85,83,84,84,85,87,89,101,113,88,82,87,111,103,148,93,105,98,134
214v-221r,1,2707,4274,93,87,87,85,84,85,85,85,87,90,93,106,118,88,82,89,111,92,88,95,102,109,132
214v-221r,1,2668,4267,90,83,83,83,83,84,86,86,90,93,98,109,119,84,82,92,103,103,118,91,98,98,147
214v-221r,1,2635,4225,96,88,90,89,90,89,91,93,98,101,108,117,127,90,87,91,109,103,88,91,103,102,158
214v-221r,1,2673,4231,91,87,87,86,85,86,86,87,89,91,95,105,114,88,83,92,103,92,88,94,103,101,132
214v-221r,1,2621,4273,93,84,84,82,82,81,82,83,84,86,89,100,111,85,85,90,111,92,118,93,97,97,126
214v-221r,1,2595,4254,91,82,83,81,81,79,79,79,79,79,80,87,98,85,82,87,100,92,74,98,93,101,101
214v-221r,1,2543,4243,90,84,84,82,82,80,79,80,80,81,84,93,104,83,81,86,111,115,103,96,93,103,106
214v-221r,1,2489,4250,92,83,83,82,80,79,80,80,80,81,82,91,103,83,83,87,103,92,74,94,94,96,114
214v-221r,1,2384,4247,91,90,88,85,83,82,81,80,79,78,78,81,89,89,83,88,103,92,133,98,97,97,91
214v-221r,1,2432,4241,91,85,84,83,82,81,80,80,80,80,81,87,99,86,82,91,109,92,103,95,99,97,104
214v-221r,1,2453,4225,91,84,84,83,82,82,81,82,84,85,87,98,111,84,82,91,106,103,162,95,94,103,117
214v-221r,1,2471,4203,93,85,85,84,83,82,82,83,84,86,88,99,109,86,83,87,106,92,148,100,97,107,114
214v-221r,1,2477,4273,90,85,84,83,81,81,81,81,81,82,84,93,104,85,82,89,117,115,133,96,97,102,111
214v-221r,1,2400,4279,87,82,83,81,81,79,79,78,79,79,79,85,95,82,81,87,106,92,74,96,94,99,95
214v-221r,1,2329,4214,90,83,82,81,80,80,80,80,83,85,88,99,111,83,83,87,109,127,118,99,94,123,101
214v-221r,1,2301,4229,87,82,81,80,80,79,79,79,82,83,84,94,104,82,81,90,106,92,118,99,88,118,94
214v-221r,1,2268,4245,91,84,83,82,81,81,80,81,81,82,83,91,101,84,83,87,103,92,119,99,94,110,97
214v-221r,1,2231,4246,89,83,84,82,80,79,79,79,78,78,79,84,94,84,84,88,103,92,104,96,92,101,91
214v-221r,1,2251,4273,91,83,82,81,80,79,79,79,79,80,81,89,99,84,83,87,103,127,119,100,92,109,94
214v-221r,1,2156,4210,93,85,85,85,85,86,87,87,95,98,102,114,123,87,87,93,106,127,119,105,89,144,102
214v-221r,1,2185,4239,91,84,84,81,81,81,80,80,82,84,86,96,107,84,83,86,103,115,74,98,92,114,102
214v-221r,1,2201,4275,91,83,83,82,82,81,81,82,84,86,89,101,112,84,82,86,103,115,74,98,92,116,108
214v-221r,1,2165,4286,88,82,81,81,82,82,84,84,90,91,96,109,120,81,84,90,106,104,89,94,90,124,113
214v-221r,1,2121,4286,88,84,83,82,82,81,82,82,83,85,88,102,115,85,83,88,109,92,89,95,96,114,113
214v-221r,1,3155,4222,96,92,91,89,89,87,87,87,89,90,95,103,115,91,87,87,100,125,74,92,116,99,140
214v-221r,1,3169,4209,89,82,83,82,82,83,83,84,88,90,96,108,122,84,82,86,103,92,117,94,96,106,136
214v-221r,1,3203,4219,88,83,83,82,82,82,83,84,87,91,94,108,119,83,83,88,108,92,102,99,93,118,123
214v-221r,1,3204,4249,88,86,86,85,84,84,84,85,89,92,97,111,124,86,85,90,111,92,117,106,95,121,126
214v-221r,1,3179,4257,91,84,83,83,83,85,86,87,93,96,101,115,126,83,84,89,108,137,117,99,92,128,119
214v-221r,1,3160,4250,91,85,84,83,83,82,83,83,86,89,92,104,118,84,85,87,108,114,117,95,101,103,132
214v-221r,1,3136,4270,108,93,91,89,88,87,87,86,91,92,95,109,120,93,88,89,114,103,132,117,88,140,97
214v-221r,1,3136,4243,94,82,83,82,82,81,82,82,86,89,93,106,119,84,83,88,100,92,103,100,91,129,107
214v-221r,1,3100,4242,100,87,86,85,84,82,82,81,82,82,83,91,101,87,82,88,116,114,132,104,90,118,90
214v-221r,1,3089,4271,111,91,89,87,86,85,85,85,85,86,88,96,106,90,86,95,117,115,132,109,87,132,89
214v-221r,1,3112,4163,97,87,86,85,84,84,84,83,85,87,88,98,110,90,87,86,111,92,103,101,92,120,102
214v-221r,1,3115,4194,97,89,88,87,86,86,85,86,90,93,96,109,122,88,85,89,111,114,160,101,92,137,108
214v-221r,1,3105,4221,103,88,88,86,85,84,84,84,87,89,90,101,113,88,84,90,103,92,88,102,87,136,95
214v-221r,1,3023,4226,91,82,80,80,79,79,78,78,78,81,82,92,105,82,84,87,100,103,133,98,89,114,95
214v-221r,1,3061,4251,99,86,86,84,83,82,81,81,81,81,82,88,98,87,85,87,114,92,132,105,88,117,87
214v-221r,1,3047,4274,103,90,90,87,87,86,84,84,85,85,88,96,108,91,86,92,100,103,88,111,87,131,88
214v-221r,1,2984,4199,93,87,87,86,84,84,84,83,85,87,90,99,111,88,86,91,109,92,88,109,93,117,110
214v-221r,1,2908,4239,90,85,84,83,85,85,86,87,94,97,103,116,129,85,85,94,100,115,74,97,93,126,123
214v-221r,1,2941,4262,93,85,85,85,85,85,86,87,92,95,103,116,129,85,86,89,109,92,133,97,95,118,129
214v-221r,1,2980,4266,89,84,85,84,85,87,88,89,97,100,108,122,134,83,89,98,100,92,148,99,92,141,122
214v-221r,1,2900,4275,89,83,82,82,83,84,85,86,94,97,104,119,130,83,84,88,100,92,88,95,94,120,136
214v-221r,1,2860,4270,92,82,83,82,82,81,82,84,88,91,96,110,123,83,83,87,111,92,133,93,94,107,134
214v-221r,1,2851,4186,91,83,83,82,80,80,79,79,79,79,81,87,99,84,81,86,106,92,132,97,93,101,103
214v-221r,1,2856,4229,91,84,83,83,82,82,82,83,86,87,92,102,115,86,83,89,106,92,74,97,93,115,114
214v-221r,1,2815,4269,97,91,92,91,92,94,95,97,101,105,111,124,136,92,90,87,103,103,103,92,109,106,171
214v-221r,1,2725,4227,94,86,86,84,83,82,82,82,83,84,88,97,108,87,86,87,100,92,118,99,95,108,113
214v-221r,1,2756,4227,90,86,86,85,85,84,86,86,89,92,97,109,121,86,85,89,106,92,88,95,103,109,137
214v-221r,1,2743,4259,99,86,87,85,85,83,84,84,85,87,89,101,113,88,82,87,111,103,148,93,105,98,134
214v-221r,1,2707,4274,93,87,87,85,84,85,85,85,87,90,93,106,118,88,82,89,111,92,88,95,102,109,132
214v-221r,1,2668,4267,90,83,83,83,83,84,86,86,90,93,98,109,119,84,82,92,103,103,118,91,98,98,147
214v-221r,1,2635,4225,96,88,90,89,90,89,91,93,98,101,108,117,127,90,87,91,109,103,88,91,103,102,158
214v-221r,1,2673,4231,91,87,87,86,85,86,86,87,89,91,95,105,114,88,83,92,103,92,88,94,103,101,132
214v-221r,1,2621,4273,93,84,84,82,82,81,82,83,84,86,89,100,111,85,85,90,111,92,118,93,97,97,126
214v-221r,1,2595,4254,91,82,83,81,81,79,79,79,79,79,80,87,98,85,82,87,100,92,74,98,93,101,101
214v-221r,1,2543,4243,90,84,84,82,82,80,79,80,80,81,84,93,104,83,81,86,111,115,103,96,93,103,106
214v-221r,1,2489,4250,92,83,83,82,80,79,80,80,80,81,82,91,103,83,83,87,103,92,74,94,94,96,114
214v-221r,1,2384,4247,91,90,88,85,83,82,81,80,79,78,78,81,89,89,83,88,103,92,133,98,97,97,91
214v-221r,1,2432,4241,91,85,84,83,82,81,80,80,80,80,81,87,99,86,82,91,109,92,103,95,99,97,104
214v-221r,1,2453,4225,91,84,84,83,82,82,81,82,84,85,87,98,111,84,82,91,106,103,162,95,94,103,117
214v-221r,1,2471,4203,93,85,85,84,83,82,82,83,84,86,88,99,109,86,83,87,106,92,148,100,97,107,114
214v-221r,1,2477,4273,90,85,84,83,81,81,81,81,81,82,84,93,104,85,82,89,117,115,133,96,97,102,111
214v-221r,1,2400,4279,87,82,83,81,81,79,79,78,79,79,79,85,95,82,81,87,106,92,74,96,94,99,95
214v-221r,1,2329,4214,90,83,82,81,80,80,80,80,83,85,88,99,111,83,83,87,109,127,118,99,94,123,101
214v-221r,1,2301,4229,87,82,81,80,80,79,79,79,82,83,84,94,104,82,81,90,106,92,118,99,88,118,94
214v-221r,1,2268,4245,91,84,83,82,81,81,80,81,81,82,83,91,101,84,83,87,103,92,119,99,94,110,97
214v-221r,1,2231,4246,89,83,84,82,80,79,79,79,78,78,79,84,94,84,84,88,103,92,104,96,92,101,91
214v-221r,1,2251,4273,91,83,82,81,80,79,79,79,79,80,81,89,99,84,83,87,103,127,119,100,92,109,94
214v-221r,1,2156,4210,93,85,85,85,85,86,87,87,95,98,102,114,123,87,87,93,106,127,119,105,89,144,102
214v-221r,1,2185,4239,91,84,84,81,81,81,80,80,82,84,86,96,107,84,83,86,103,115,74,98,92,114,102
214v-221r,1,2201,4275,91,83,83,82,82,81,81,82,84,86,89,101,112,84,82,86,103,115,74,98,92,116,108
214v-221r,1,2165,4286,88,82,81,81,82,82,84,84,90,91,96,109,120,81,84,90,106,104,89,94,90,124,113
214v-221r,1,2121,4286,88,84,83,82,82,81,82,82,83,85,88,102,115,85,83,88,109,92,89,95,96,114,113
214v-221r,2,3188,4663,154,177,174,174,173,175,173,172,173,170,170,168,167,172,168,152,144,148,103,190,138,171,155
214v-221r,2,3211,4687,111,125,125,137,153,166,171,171,176,177,176,175,172,129,146,148,122,92,118,131,125,171,162
214v-221r,2,3241,4714,98,109,110,121,137,152,160,161,169,172,171,171,167,108,123,141,114,115,118,130,108,172,153
214v-221r,2,3268,4745,110,118,118,128,141,154,160,160,169,169,171,169,167,117,132,143,125,137,162,137,110,185,144
214v-221r,2,3067,4675,122,122,122,133,146,157,163,162,175,178,176,180,177,123,125,127,125,149,147,178,89,240,118
214v-221r,2,3048,4678,106,119,118,127,137,150,152,151,163,163,163,164,161,122,121,127,117,137,147,174,92,211,115
214v-221r,2,2781,4675,120,139,143,149,155,161,163,167,162,162,162,161,160,140,145,147,131,115,133,94,221,117,228
214v-221r,2,2820,4665,114,126,128,138,154,161,166,169,168,167,169,165,164,126,133,135,125,161,118,92,184,118,226
214v-221r,2,2837,4697,102,115,119,127,140,147,153,156,156,156,156,155,156,113,129,127,111,149,178,92,157,114,200
214v-221r,2,2827,4727,107,114,117,128,144,158,166,170,169,170,172,168,168,113,120,130,120,138,177,92,164,118,230
214v-221r,2,2791,4722,108,114,117,126,139,150,160,163,166,166,168,164,164,110,126,126,114,149,147,92,160,116,226
214v-221r,2,2771,4721,99,107,108,117,133,148,157,161,164,165,166,165,165,105,116,127,114,92,147,92,145,117,218
214v-221r,2,2841,4781,96,101,102,112,129,143,152,154,160,163,164,164,161,102,114,123,120,115,133,94,129,120,203
214v-221r,2,2851,4757,97,113,115,126,137,148,153,157,160,158,162,160,160,110,127,130,111,103,118,95,142,124,185
214v-221r,2,2612,4631,96,103,104,113,128,137,144,147,152,153,155,154,153,103,113,128,100,103,74,107,114,137,157
214v-221r,2,2636,4590,101,120,121,128,136,145,148,152,152,154,155,152,151,120,130,131,120,115,133,102,130,123,158
214v-221r,2,2643,4635,97,116,116,125,136,145,150,152,156,158,159,157,157,117,131,126,111,103,133,104,125,131,161
214v-221r,2,2647,4667,104,112,112,119,130,141,147,147,156,157,157,158,158,113,121,120,114,115,133,108,117,140,162
214v-221r,2,2620,4675,90,92,92,99,112,130,139,141,152,154,157,158,156,91,99,111,109,103,133,100,103,141,157
214v-221r,2,2521,4667,87,91,91,97,111,129,137,138,148,151,153,152,151,90,96,109,106,103,149,106,96,161,135
214v-221r,2,2504,4651,88,100,101,110,124,138,143,145,152,154,154,154,152,99,104,116,111,92,164,109,104,152,139
214v-221r,2,2527,4623,96,106,108,119,133,147,150,153,158,159,159,157,156,108,117,126,111,92,88,126,106,166,137
214v-221r,2,2647,4753,96,110,110,119,134,147,156,154,164,165,165,165,163,111,111,121,111,92,148,132,108,157,155
214v-221r,2,2601,4754,99,107,108,117,130,144,153,152,160,162,164,162,164,106,115,130,120,150,149,112,118,150,162
214v-221r,2,2459,4462,104,125,126,131,137,144,146,145,150,150,149,151,148,126,123,128,125,92,148,157,104,168,120
214v-221r,2,2475,4446,91,100,100,109,121,139,145,146,155,155,156,156,155,99,109,117,109,92,103,121,98,170,126
214v-221r,2,2499,4422,89,97,99,109,125,145,152,151,160,161,160,160,158,98,107,120,109,115,163,109,109,159,149
214v-221r,2,2692,4487,108,127,128,137,146,150,156,159,156,158,159,159,157,126,130,132,117,92,133,93,169,115,204
214v-221r,2,2697,4455,117,142,145,149,156,159,161,163,161,162,163,161,159,141,143,138,122,126,88,93,187,114,218
214v-221r,2,2904,4355,98,102,102,108,120,138,148,150,159,161,162,161,161,99,106,120,106,92,74,107,110,150,159
214v-221r,2,2916,4329,112,115,116,118,123,138,149,150,156,158,160,161,159,117,121,133,130,149,178,109,126,147,164
214v-221r,2,2799,4414,103,107,110,120,134,143,154,159,165,167,168,164,165,106,117,118,117,138,118,92,141,119,215
214v-221r,2,2967,3756,129,150,148,154,159,162,164,164,168,169,170,166,165,146,146,139,132,115,103,210,103,210,126
214v-221r,2,2984,3735,116,141,141,148,155,165,167,168,171,172,173,172,172,137,135,141,114,115,147,117,162,156,174
214v-221r,2,2764,3898,117,130,132,139,147,152,156,157,160,161,162,161,162,133,132,126,119,115,74,111,148,132,185
214v-221r,2,3185,3742,111,130,130,137,146,154,157,158,162,162,164,161,162,128,136,135,124,148,161,134,127,163,153
214v-221r,2,3216,3710,104,118,119,130,144,154,161,161,164,167,167,164,163,119,122,131,111,92,117,112,135,140,180
214v-221r,2,3133,4398,116,158,158,160,163,170,170,169,174,175,172,169,167,148,143,139,122,125,177,196,120,179,141
214v-221r,2,3161,4307,103,121,123,130,142,153,156,159,161,163,164,161,161,120,127,137,119,137,74,125,117,153,142
214v-221r,2,3120,4316,160,167,165,170,171,180,181,176,184,186,183,184,179,164,139,138,133,92,74,255,92,255,119
214v-221r,2,2573,3616,96,109,110,121,134,144,153,154,157,158,162,159,160,109,120,130,109,115,133,107,125,144,165
214v-221r,2,2597,3578,113,144,144,152,161,166,168,168,171,170,168,168,164,140,146,153,122,104,178,155,123,163,148
214v-221r,2,2779,3878,94,96,97,103,117,132,139,144,150,153,155,157,157,94,101,117,122,103,191,96,111,133,173
214v-221r,2,2483,4304,128,148,149,149,151,149,147,150,147,148,147,145,143,147,146,134,131,138,103,141,139,142,139
214v-221r,2,2481,4334,104,123,122,126,133,136,136,137,140,140,140,141,140,123,126,123,122,138,133,132,115,144,130
214v-221r,2,2513,4302,113,137,138,141,146,149,150,150,150,151,149,149,146,140,135,135,130,115,148,146,123,153,135
214v-221r,2,2324,4055,99,97,97,101,111,127,136,138,146,149,150,150,149,97,104,113,109,92,132,106,104,140,153
214v-221r,2,2355,4046,91,98,99,105,115,128,136,137,141,143,145,145,146,98,101,108,114,103,103,104,111,134,149
214v-221r,2,2389,4039,98,120,121,130,139,146,149,149,152,151,152,151,150,119,125,126,109,92,147,121,130,147,148
214v-221r,2,2281,4292,95,101,101,110,124,138,145,146,154,153,153,152,150,99,109,124,114,115,164,120,101,163,127
214v-221r,2,2247,4324,93,96,97,104,116,130,136,136,144,145,145,145,143,95,104,115,100,115,134,113,99,154,124
214v-221r,2,3188,4663,154,177,174,174,173,175,173,172,173,170,170,168,167,172,168,152,144,148,103,190,138,171,155
214v-221r,2,3211,4687,111,125,125,137,153,166,171,171,176,177,176,175,172,129,146,148,122,92,118,131,125,171,162
214v-221r,2,3241,4714,98,109,110,121,137,152,160,161,169,172,171,171,167,108,123,141,114,115,118,130,108,172,153
214v-221r,2,3268,4745,110,118,118,128,141,154,160,160,169,169,171,169,167,117,132,143,125,137,162,137,110,185,144
214v-221r,2,3067,4675,122,122,122,133,146,157,163,162,175,178,176,180,177,123,125,127,125,149,147,178,89,240,118
214v-221r,2,3048,4678,106,119,118,127,137,150,152,151,163,163,163,164,161,122,121,127,117,137,147,174,92,211,115
214v-221r,2,2781,4675,120,139,143,149,155,161,163,167,162,162,162,161,160,140,145,147,131,115,133,94,221,117,228
214v-221r,2,2820,4665,114,126,128,138,154,161,166,169,168,167,169,165,164,126,133,135,125,161,118,92,184,118,226
214v-221r,2,2837,4697,102,115,119,127,140,147,153,156,156,156,156,155,156,113,129,127,111,149,178,92,157,114,200
214v-221r,2,2827,4727,107,114,117,128,144,158,166,170,169,170,172,168,168,113,120,130,120,138,177,92,164,118,230
214v-221r,2,2791,4722,108,114,117,126,139,150,160,163,166,166,168,164,164,110,126,126,114,149,147,92,160,116,226
214v-221r,2,2771,4721,99,107,108,117,133,148,157,161,164,165,166,165,165,105,116,127,114,92,147,92,145,117,218
214v-221r,2,2841,4781,96,101,102,112,129,143,152,154,160,163,164,164,161,102,114,123,120,115,133,94,129,120,203
214v-221r,2,2851,4757,97,113,115,126,137,148,153,157,160,158,162,160,160,110,127,130,111,103,118,95,142,124,185
214v-221r,2,2612,4631,96,103,104,113,128,137,144,147,152,153,155,154,153,103,113,128,100,103,74,107,114,137,157
214v-221r,2,2636,4590,101,120,121,128,136,145,148,152,152,154,155,152,151,120,130,131,120,115,133,102,130,123,158
214v-221r,2,2643,4635,97,116,116,125,136,145,150,152,156,158,159,157,157,117,131,126,111,103,133,104,125,131,161
214v-221r,2,2647,4667,104,112,112,119,130,141,147,147,156,157,157,158,158,113,121,120,114,115,133,108,117,140,162
214v-221r,2,2620,4675,90,92,92,99,112,130,139,141,152,154,157,158,156,91,99,111,109,103,133,100,103,141,157
214v-221r,2,2521,4667,87,91,91,97,111,129,137,138,148,151,153,152,151,90,96,109,106,103,149,106,96,161,135
214v-221r,2,2504,4651,88,100,101,110,124,138,143,145,152,154,154,154,152,99,104,116,111,92,164,109,104,152,139
214v-221r,2,2527,4623,96,106,108,119,133,147,150,153,158,159,159,157,156,108,117,126,111,92,88,126,106,166,137
214v-221r,2,2647,4753,96,110,110,119,134,147,156,154,164,165,165,165,163,111,111,121,111,92,148,132,108,157,155
214v-221r,2,2601,4754,99,107,108,117,130,144,153,152,160,162,164,162,164,106,115,130,120,150,149,112,118,150,162
214v-221r,2,2459,4462,104,125,126,131,137,144,146,145,150,150,149,151,148,126,123,128,125,92,148,157,104,168,120
214v-221r,2,2475,4446,91,100,100,109,121,139,145,146,155,155,156,156,155,99,109,117,109,92,103,121,98,170,126
214v-221r,2,2499,4422,89,97,99,109,125,145,152,151,160,161,160,160,158,98,107,120,109,115,163,109,109,159,149
214v-221r,2,2692,4487,108,127,128,137,146,150,156,159,156,158,159,159,157,126,130,132,117,92,133,93,169,115,204
214v-221r,2,2697,4455,117,142,145,149,156,159,161,163,161,162,163,161,159,141,143,138,122,126,88,93,187,114,218
214v-221r,2,2904,4355,98,102,102,108,120,138,148,150,159,161,162,161,161,99,106,120,106,92,74,107,110,150,159
214v-221r,2,2916,4329,112,115,116,118,123,138,149,150,156,158,160,161,159,117,121,133,130,149,178,109,126,147,164
214v-221r,2,2799,4414,103,107,110,120,134,143,154,159,165,167,168,164,165,106,117,118,117,138,118,92,141,119,215
214v-221r,2,2967,3756,129,150,148,154,159,162,164,164,168,169,170,166,165,146,146,139,132,115,103,210,103,210,126
214v-221r,2,2984,3735,116,141,141,148,155,165,167,168,171,172,173,172,172,137,135,141,114,115,147,117,162,156,174
214v-221r,2,2764,3898,117,130,132,139,147,152,156,157,160,161,162,161,162,133,132,126,119,115,74,111,148,132,185
214v-221r,2,3185,3742,111,130,130,137,146,154,157,158,162,162,164,161,162,128,136,135,124,148,161,134,127,163,153
214v-221r,2,3216,3710,104,118,119,130,144,154,161,161,164,167,167,164,163,119,122,131,111,92,117,112,135,140,180
214v-221r,2,3133,4398,116,158,158,160,163,170,170,169,174,175,172,169,167,148,143,139,122,125,177,196,120,179,141
214v-221r,2,3161,4307,103,121,123,130,142,153,156,159,161,163,164,161,161,120,127,137,119,137,74,125,117,153,142
214v-221r,2,3120,4316,160,167,165,170,171,180,181,176,184,186,183,184,179,164,139,138,133,92,74,255,92,255,119
214v-221r,2,2573,3616,96,109,110,121,134,144,153,154,157,158,162,159,160,109,120,130,109,115,133,107,125,144,165
214v-221r,2,2597,3578,113,144,144,152,161,166,168,168,171,170,168,168,164,140,146,153,122,104,178,155,123,163,148
214v-221r,2,2779,3878,94,96,97,103,117,132,139,144,150,153,155,157,157,94,101,117,122,103,191,96,111,133,173
214v-221r,2,2483,4304,128,148,149,149,151,149,147,150,147,148,147,145,143,147,146,134,131,138,103,141,139,142,139
214v-221r,2,2481,4334,104,123,122,126,133,136,136,137,140,140,140,141,140,123,126,123,122,138,133,132,115,144,130
214v-221r,2,2513,4302,113,137,138,141,146,149,150,150,150,151,149,149,146,140,135,135,130,115,148,146,123,153,135
214v-221r,2,2324,4055,99,97,97,101,111,127,136,138,146,149,150,150,149,97,104,113,109,92,132,106,104,140,153
214v-221r,2,2355,4046,91,98,99,105,115,128,136,137,141,143,145,145,146,98,101,108,114,103,103,104,111,134,149
214v-221r,2,2389,4039,98,120,121,130,139,146,149,149,152,151,152,151,150,119,125,126,109,92,147,121,130,147,148
214v-221r,2,2281,4292,95,101,101,110,124,138,145,146,154,153,153,152,150,99,109,124,114,115,164,120,101,163,127
214v-221r,2,2247,4324,93,96,97,104,116,130,136,136,144,145,145,145,143,95,104,115,100,115,134,113,99,154,124
